{"train_acc": 0.6758518518518518, "val_acc": 0.6476666666666666, "train_loss": 407.3881115940106, "val_loss": 4.23407034258541, "_timestamp": 1679052278.6865854, "_runtime": 72.73451852798462, "_step": 5, "Confusion Matrix": {"_type": "image-file", "sha256": "2ed20a1461d86bf44f921e1e0838fdb3c6615957688e1f3428522753f5e8535a", "size": 51110, "path": "media/images/Confusion Matrix_5_2ed20a1461d86bf44f92.png", "format": "png", "width": 576, "height": 432}, "_wandb": {"runtime": 72}}