{"train_acc": 0.7309074074074075, "val_acc": 0.7193333333333334, "train_loss": -291.8695113804225, "val_loss": -286.16291199696775, "_timestamp": 1679077566.349927, "_runtime": 59.44915699958801, "_step": 10, "Confusion Matrix": {"_type": "image-file", "sha256": "7138c1424170ebaf6599148100ab60f6637442f257e83c4654a206945e8c468d", "size": 45315, "path": "media/images/Confusion Matrix_10_7138c1424170ebaf6599.png", "format": "png", "width": 576, "height": 432}, "_wandb": {"runtime": 58}}