{"train_acc": 0.856574074074074, "val_acc": 0.83, "train_loss": -694.7909600341192, "val_loss": -682.4969812612767, "_timestamp": 1679055075.7203393, "_runtime": 50.86297035217285, "_step": 5, "Confusion Matrix": {"_type": "image-file", "sha256": "8044f334870388f7f35e02a319f873084b115713e6569710c50b6d8c145f9b3d", "size": 41846, "path": "media/images/Confusion Matrix_5_8044f334870388f7f35e.png", "format": "png", "width": 576, "height": 432}, "_wandb": {"runtime": 50}}