{"train_acc": 0.8808333333333334, "val_acc": 0.8718333333333333, "train_loss": -661.0569148458138, "val_loss": -694.7344624366673, "_timestamp": 1679075129.7199533, "_runtime": 82.90699028968811, "_step": 5, "Confusion Matrix": {"_type": "image-file", "sha256": "ee8715adf9a9d176d48ccc54f98de8185d955ea48e3e2c0fdcc5945897281390", "size": 39704, "path": "media/images/Confusion Matrix_5_ee8715adf9a9d176d48c.png", "format": "png", "width": 576, "height": 432}, "_wandb": {"runtime": 82}}