{"train_acc": 0.9827592592592592, "val_acc": 0.9676666666666667, "train_loss": -1105.2391442447067, "val_loss": -1057.5232128883247, "_timestamp": 1679084675.302119, "_runtime": 173.3242790699005, "_step": 10, "Confusion Matrix": {"_type": "image-file", "sha256": "9ae687e5c13953052fcdeac7148d647cd0c78d1a9d49790dddfda701e180db9e", "size": 35492, "path": "media/images/Confusion Matrix_10_9ae687e5c13953052fcd.png", "format": "png", "width": 576, "height": 432}, "_wandb": {"runtime": 171}}