{"train_acc": 0.1, "val_acc": 0.1, "train_loss": 2.2939997424457945, "_timestamp": 1679046102.3679836, "_runtime": 38.911258697509766, "_step": 5, "Confusion Matrix": {"_type": "image-file", "sha256": "3fd11d329f83d683e86fb0cf605862d7bc0408a8b81036e809a215cefdd5684b", "size": 17790, "path": "media/images/Confusion Matrix_5_3fd11d329f83d683e86f.png", "format": "png", "width": 576, "height": 432}, "_wandb": {"runtime": 38}}