{"train_acc": 0.1, "val_acc": 0.1, "train_loss": 2.644621866261785, "val_loss": 2.305352766118039, "_timestamp": 1679048753.9364974, "_runtime": 84.1789083480835, "_step": 10, "Confusion Matrix": {"_type": "image-file", "sha256": "3fd11d329f83d683e86fb0cf605862d7bc0408a8b81036e809a215cefdd5684b", "size": 17790, "path": "media/images/Confusion Matrix_10_3fd11d329f83d683e86f.png", "format": "png", "width": 576, "height": 432}, "_wandb": {"runtime": 83}}