{"train_acc": 0.12318518518518519, "val_acc": 0.12183333333333334, "train_loss": 3.543176443160344, "val_loss": 2.52519791286795, "_timestamp": 1679077936.3242273, "_runtime": 26.081836223602295, "_step": 10, "Confusion Matrix": {"_type": "image-file", "sha256": "f018786a57679fe05c97817c6ec0f974d6cb096fac68fabcf9c65ec02e163149", "size": 49803, "path": "media/images/Confusion Matrix_10_f018786a57679fe05c97.png", "format": "png", "width": 576, "height": 432}, "_wandb": {"runtime": 25}}