{"train_acc": 0.1, "val_acc": 0.1, "train_loss": 2.2927764297328466, "val_loss": 2.3030037646541524, "_timestamp": 1679049209.6977532, "_runtime": 35.76168608665466, "_step": 5, "Confusion Matrix": {"_type": "image-file", "sha256": "1fd8d6c8f8ea24831576dec12da36ca0f672bee985dc0e0e8eaf9d70aab9ecc1", "size": 17791, "path": "media/images/Confusion Matrix_5_1fd8d6c8f8ea24831576.png", "format": "png", "width": 576, "height": 432}, "_wandb": {"runtime": 34}}