{"train_acc": 0.8148703703703704, "val_acc": 0.814, "train_loss": -481.3572937254897, "val_loss": -482.42785945655913, "_timestamp": 1679055175.6321445, "_runtime": 82.07246541976929, "_step": 10, "Confusion Matrix": {"_type": "image-file", "sha256": "ef7607a943a757d187edacf198f0ae76d5a61f476179587272948cad2ff7478a", "size": 41022, "path": "media/images/Confusion Matrix_10_ef7607a943a757d187ed.png", "format": "png", "width": 576, "height": 432}, "_wandb": {"runtime": 81}}