{"train_acc": 0.5245185185185185, "val_acc": 0.5216666666666666, "train_loss": -69.80124426276555, "val_loss": -69.09014528510727, "_timestamp": 1679074770.4683597, "_runtime": 129.7886517047882, "_step": 10, "Confusion Matrix": {"_type": "image-file", "sha256": "859af47872c2c888f67c1c0ff5878cb7c180ea195ce2ca4ac6507ed3169ecf20", "size": 47811, "path": "media/images/Confusion Matrix_10_859af47872c2c888f67c.png", "format": "png", "width": 576, "height": 432}, "_wandb": {"runtime": 129}}