{"train_acc": 0.887462962962963, "val_acc": 0.8518333333333333, "train_loss": -905.0647679212385, "val_loss": -891.7149695771766, "_timestamp": 1679057385.6574697, "_runtime": 101.37906885147095, "_step": 10, "Confusion Matrix": {"_type": "image-file", "sha256": "c35335a314065f774a459f9602204d822703e7637430be3f02094de6b4da36f9", "size": 42645, "path": "media/images/Confusion Matrix_10_c35335a314065f774a45.png", "format": "png", "width": 576, "height": 432}, "_wandb": {"runtime": 100}}