{"train_acc": 0.09994444444444445, "val_acc": 0.09983333333333333, "train_loss": -1086.163327570643, "val_loss": -1091.2544011334176, "_timestamp": 1679054809.852722, "_runtime": 43.09593892097473, "_step": 10, "Confusion Matrix": {"_type": "image-file", "sha256": "48c132d1dad350c5d5ec1dc81dfde634426a017fc61024c972734d4f1f185fd4", "size": 22242, "path": "media/images/Confusion Matrix_10_48c132d1dad350c5d5ec.png", "format": "png", "width": 576, "height": 432}, "_wandb": {"runtime": 42}}