{"train_acc": 0.8574814814814815, "val_acc": 0.8508333333333333, "train_loss": -1969.7656794697978, "val_loss": -1778.066763562102, "_timestamp": 1679078594.658993, "_runtime": 50.506458044052124, "_step": 5, "Confusion Matrix": {"_type": "image-file", "sha256": "2ea1604d58896621172d0248bcdd83de17251286f36a525e08187721959cdc09", "size": 42252, "path": "media/images/Confusion Matrix_5_2ea1604d58896621172d.png", "format": "png", "width": 576, "height": 432}, "_wandb": {"runtime": 49}}