{"train_acc": 0.8573703703703703, "val_acc": 0.8375, "train_loss": -810.4783480823671, "val_loss": -818.9295726905078, "_timestamp": 1679054866.7500205, "_runtime": 42.9549605846405, "_step": 5, "Confusion Matrix": {"_type": "image-file", "sha256": "0686a8130593d82bc9d95fc71d420cd9de4c6ee43d433a43d0de798ca49f5789", "size": 43688, "path": "media/images/Confusion Matrix_5_0686a8130593d82bc9d9.png", "format": "png", "width": 576, "height": 432}, "_wandb": {"runtime": 42}}