{"train_acc": 0.8365555555555556, "val_acc": 0.8291666666666667, "train_loss": -1072.6676298001046, "val_loss": -961.3585311380921, "_timestamp": 1679076419.043172, "_runtime": 65.4014458656311, "_step": 5, "Confusion Matrix": {"_type": "image-file", "sha256": "61064273c003cbadce33fa075cf218e46ab0dcfd659b1b54bb6f3112458b423d", "size": 41512, "path": "media/images/Confusion Matrix_5_61064273c003cbadce33.png", "format": "png", "width": 576, "height": 432}, "_wandb": {"runtime": 64}}