{"train_acc": 0.1, "val_acc": 0.1, "train_loss": 2.290191337371826, "val_loss": 2.305952183217209, "_timestamp": 1679050537.6320379, "_runtime": 113.51774787902832, "_step": 5, "Confusion Matrix": {"_type": "image-file", "sha256": "5a936bec8508e86ae7f5ef249b4357ca3c3db49d6f3a48fcb110c4fe49802f3f", "size": 17846, "path": "media/images/Confusion Matrix_5_5a936bec8508e86ae7f5.png", "format": "png", "width": 576, "height": 432}, "_wandb": {"runtime": 111}}