{"train_acc": 0.6728888888888889, "val_acc": 0.6726666666666666, "train_loss": 969.4168019977649, "val_loss": 68.235457178053, "_timestamp": 1679075029.232891, "_runtime": 62.980449199676514, "_step": 10, "Confusion Matrix": {"_type": "image-file", "sha256": "07ea16e5fb452c211f230c07dd1c533500a12580377f76e0c333455b17508f5f", "size": 41437, "path": "media/images/Confusion Matrix_10_07ea16e5fb452c211f23.png", "format": "png", "width": 576, "height": 432}, "_wandb": {"runtime": 62}}