{"train_acc": 0.534537037037037, "val_acc": 0.534, "train_loss": -1576.8901904766833, "val_loss": -1425.6874136330168, "_timestamp": 1679054341.9434133, "_runtime": 83.35314226150513, "_step": 5, "Confusion Matrix": {"_type": "image-file", "sha256": "5346d7e213fea61916b4e2e7246221a54abd6f6f1e749b56725abda439867300", "size": 53620, "path": "media/images/Confusion Matrix_5_5346d7e213fea61916b4.png", "format": "png", "width": 576, "height": 432}, "_wandb": {"runtime": 82}}