{"train_acc": 0.17214814814814816, "val_acc": 0.17266666666666666, "train_loss": 4129.760545567551, "val_loss": 4773.82964257839, "_timestamp": 1679049156.389936, "_runtime": 27.46989893913269, "_step": 5, "Confusion Matrix": {"_type": "image-file", "sha256": "da892591db6cc98d9a05927acc292ba265216a25ea853d4116b00f3137001755", "size": 22913, "path": "media/images/Confusion Matrix_5_da892591db6cc98d9a05.png", "format": "png", "width": 576, "height": 432}, "_wandb": {"runtime": 26}}