{"train_acc": 0.6476481481481482, "val_acc": 0.6481666666666667, "train_loss": -261.30083064248987, "val_loss": -251.6835126484689, "_timestamp": 1679057275.3529758, "_runtime": 90.30381393432617, "_step": 5, "Confusion Matrix": {"_type": "image-file", "sha256": "6efdda961bf9ac88275297a306acd06adf9f1885b224eeb573d24019fd21641f", "size": 42604, "path": "media/images/Confusion Matrix_5_6efdda961bf9ac882752.png", "format": "png", "width": 576, "height": 432}, "_wandb": {"runtime": 89}}