{"train_acc": 0.860574074074074, "val_acc": 0.854, "train_loss": -1252.6595950387914, "val_loss": -1289.3625099374942, "_timestamp": 1679076982.7483766, "_runtime": 63.62352466583252, "_step": 10, "Confusion Matrix": {"_type": "image-file", "sha256": "c1cc8f0fb04852b7b18463dd0d76d67edca1c2826e31677c1255d13fd20b224c", "size": 40932, "path": "media/images/Confusion Matrix_10_c1cc8f0fb04852b7b184.png", "format": "png", "width": 576, "height": 432}, "_wandb": {"runtime": 61}}