{"train_acc": 0.8483703703703703, "val_acc": 0.8426666666666667, "train_loss": -339.1989386322332, "val_loss": -353.82500072975995, "_timestamp": 1679077613.9220078, "_runtime": 38.219910860061646, "_step": 5, "Confusion Matrix": {"_type": "image-file", "sha256": "9f57bc93510cb9467e02b7e2855bd23dbee03d5535ba2025c3f7d121680889e9", "size": 42108, "path": "media/images/Confusion Matrix_5_9f57bc93510cb9467e02.png", "format": "png", "width": 576, "height": 432}, "_wandb": {"runtime": 37}}