{"train_acc": 0.6115, "val_acc": 0.5816666666666667, "train_loss": -2021.4086609086767, "val_loss": -4199.509127002063, "_timestamp": 1679051890.6711092, "_runtime": 207.32465529441833, "_step": 10, "Confusion Matrix": {"_type": "image-file", "sha256": "d377f303b08a60a308e7de8d4fba11d3d3fdd5d70ac9361257a969f099e9c5d5", "size": 54231, "path": "media/images/Confusion Matrix_10_d377f303b08a60a308e7.png", "format": "png", "width": 576, "height": 432}, "_wandb": {"runtime": 206}}