{"train_acc": 0.6507777777777778, "val_acc": 0.6431666666666667, "train_loss": -772.814983509251, "val_loss": -1048.2895561015866, "_timestamp": 1679055381.310929, "_runtime": 132.96929597854614, "_step": 10, "Confusion Matrix": {"_type": "image-file", "sha256": "333a206f98368157faadcd50249f554bc5dbdb1d4d0261125eb5bb86712d4bb6", "size": 48018, "path": "media/images/Confusion Matrix_10_333a206f98368157faad.png", "format": "png", "width": 576, "height": 432}, "_wandb": {"runtime": 132}}