{"train_acc": 0.8922407407407408, "val_acc": 0.8523333333333334, "train_loss": -1176.2966601352693, "val_loss": -1075.9433743239133, "_timestamp": 1679053629.1986217, "_runtime": 227.91410779953003, "_step": 10, "Confusion Matrix": {"_type": "image-file", "sha256": "fb28627a3e329fc670f43d909f05cb7f7fdc20b3777b130d701248f6558fc8f5", "size": 41117, "path": "media/images/Confusion Matrix_10_fb28627a3e329fc670f4.png", "format": "png", "width": 576, "height": 432}, "_wandb": {"runtime": 227}}