{"train_acc": 0.1, "val_acc": 0.1, "train_loss": -394.06931434985046, "val_loss": -392.4168115337491, "_timestamp": 1679049731.579283, "_runtime": 143.29745888710022, "_step": 10, "Confusion Matrix": {"_type": "image-file", "sha256": "e163311286a4616e1685d173879c37140a2419fffbba282ae9453182c556c8fd", "size": 17589, "path": "media/images/Confusion Matrix_10_e163311286a4616e1685.png", "format": "png", "width": 576, "height": 432}, "_wandb": {"runtime": 142}}