{"train_acc": 0.0995925925925926, "val_acc": 0.1005, "train_loss": 12.527390012145874, "val_loss": 15.379001247446293, "_timestamp": 1679056586.2672932, "_runtime": 41.54956817626953, "_step": 5, "Confusion Matrix": {"_type": "image-file", "sha256": "be303453065a00a02000d4ec70774f444c7332d96d0631f0479e1169f0104bec", "size": 28772, "path": "media/images/Confusion Matrix_5_be303453065a00a02000.png", "format": "png", "width": 576, "height": 432}, "_wandb": {"runtime": 40}}