{"train_acc": 0.8977962962962963, "val_acc": 0.881, "train_loss": -643.9892302568711, "val_loss": -737.3965616482162, "_timestamp": 1679074948.8473322, "_runtime": 143.04821729660034, "_step": 10, "Confusion Matrix": {"_type": "image-file", "sha256": "7a297b8fdcee5b65fa71dd1b17d6960a12e5491c33c55ba7fb5a37206030d8f9", "size": 38958, "path": "media/images/Confusion Matrix_10_7a297b8fdcee5b65fa71.png", "format": "png", "width": 576, "height": 432}, "_wandb": {"runtime": 142}}