{"train_acc": 0.8388148148148148, "val_acc": 0.8348333333333333, "train_loss": -726.4714032022642, "val_loss": -867.3305940698727, "_timestamp": 1679076749.605545, "_runtime": 74.59577512741089, "_step": 10, "Confusion Matrix": {"_type": "image-file", "sha256": "5dbbbde72f74542bb3e37e971efc9ffeb0cc233444e4d61d3e439b8e245a3e5a", "size": 42677, "path": "media/images/Confusion Matrix_10_5dbbbde72f74542bb3e3.png", "format": "png", "width": 576, "height": 432}, "_wandb": {"runtime": 72}}