{"train_acc": 0.9833333333333333, "val_acc": 0.9666666666666667, "train_loss": -919.5409421968839, "val_loss": -981.8405523044354, "_timestamp": 1679086632.1687906, "_runtime": 125.32754063606262, "_step": 10, "Confusion Matrix": {"_type": "image-file", "sha256": "00cc0eae501d4ce5b5878523db9568d26798409328069a9748a90da95a60f174", "size": 36367, "path": "media/images/Confusion Matrix_10_00cc0eae501d4ce5b587.png", "format": "png", "width": 576, "height": 432}, "_wandb": {"runtime": 124}}