{"train_acc": 0.8829814814814815, "val_acc": 0.8721666666666666, "train_loss": -686.6232297975986, "val_loss": -724.7543777117087, "_timestamp": 1679050197.4111934, "_runtime": 119.93815732002258, "_step": 10, "Confusion Matrix": {"_type": "image-file", "sha256": "04b58f1311ed279bc6af644e23d3718daa49eba25d660c75681c33afbbda778a", "size": 40419, "path": "media/images/Confusion Matrix_10_04b58f1311ed279bc6af.png", "format": "png", "width": 576, "height": 432}, "_wandb": {"runtime": 119}}