{"train_acc": 0.7272037037037037, "val_acc": 0.7221666666666666, "train_loss": 2.4091591164433064, "val_loss": 0.8292089362517943, "_timestamp": 1679051990.342203, "_runtime": 88.34790802001953, "_step": 5, "Confusion Matrix": {"_type": "image-file", "sha256": "afe0ea76248bdcdbde6d3b3a6678f9db6917ad2e6e2cce8363384ed67ded9769", "size": 43643, "path": "media/images/Confusion Matrix_5_afe0ea76248bdcdbde6d.png", "format": "png", "width": 576, "height": 432}, "_wandb": {"runtime": 87}}