{"train_acc": 0.7928148148148149, "val_acc": 0.788, "train_loss": 9.311575431341458, "val_loss": 0.6214881369853562, "_timestamp": 1679078770.937917, "_runtime": 85.2167899608612, "_step": 10, "Confusion Matrix": {"_type": "image-file", "sha256": "5931c228bceb8f2d1b4042cc68c01d10cca9fa89ba85468d1c0939a1a445ead1", "size": 42489, "path": "media/images/Confusion Matrix_10_5931c228bceb8f2d1b40.png", "format": "png", "width": 576, "height": 432}, "_wandb": {"runtime": 84}}