{"train_acc": 0.8601481481481481, "val_acc": 0.8516666666666667, "train_loss": -1967.687494785037, "val_loss": -1783.4030385010215, "_timestamp": 1679075313.5947282, "_runtime": 61.36300230026245, "_step": 5, "Confusion Matrix": {"_type": "image-file", "sha256": "50b456f91e7142c5d82855ec7ef45682c37d9b0588b2d91281f1170a776f20b6", "size": 42350, "path": "media/images/Confusion Matrix_5_50b456f91e7142c5d828.png", "format": "png", "width": 576, "height": 432}, "_wandb": {"runtime": 60}}