{"train_acc": 0.8588703703703704, "val_acc": 0.8521666666666666, "train_loss": -2134.2544125808363, "val_loss": -2105.6702018076608, "_timestamp": 1679076110.960669, "_runtime": 38.71914601325989, "_step": 10, "Confusion Matrix": {"_type": "image-file", "sha256": "7d4dc0ecf59e7e43b28f36b06e3c68b14c10edfd03da8541d0e0fd115e257c7d", "size": 41020, "path": "media/images/Confusion Matrix_10_7d4dc0ecf59e7e43b28f.png", "format": "png", "width": 576, "height": 432}, "_wandb": {"runtime": 38}}