{"train_acc": 0.7973703703703704, "val_acc": 0.792, "train_loss": -1415013.2272552182, "val_loss": -1161120.0450494564, "_timestamp": 1679050018.0157228, "_runtime": 137.14619779586792, "_step": 10, "Confusion Matrix": {"_type": "image-file", "sha256": "0db0cbbbd785fcf8214d3436a30ec92781e2e752c736eb883382139d46bf05e0", "size": 42279, "path": "media/images/Confusion Matrix_10_0db0cbbbd785fcf8214d.png", "format": "png", "width": 576, "height": 432}, "_wandb": {"runtime": 136}}