{"train_acc": 0.7967962962962963, "val_acc": 0.7916666666666666, "train_loss": -16381299.399791608, "val_loss": -16777781.969315253, "_timestamp": 1679056481.9218378, "_runtime": 75.71678185462952, "_step": 10, "Confusion Matrix": {"_type": "image-file", "sha256": "4bae01570a49a3c03f2a21a4d6d54ebaae9c4d2d2a5250f684cf0f57c7c72f88", "size": 41753, "path": "media/images/Confusion Matrix_10_4bae01570a49a3c03f2a.png", "format": "png", "width": 576, "height": 432}, "_wandb": {"runtime": 75}}