{"train_acc": 0.10433333333333333, "val_acc": 0.10116666666666667, "train_loss": -4861.712666182346, "val_loss": -5202.584285394117, "_timestamp": 1679074627.9888299, "_runtime": 215.2039978504181, "_step": 10, "Confusion Matrix": {"_type": "image-file", "sha256": "b8f9b6066e2af3afed2d9372c5bccf82faf73b47d05157bc8ca82ab60ddc4283", "size": 60798, "path": "media/images/Confusion Matrix_10_b8f9b6066e2af3afed2d.png", "format": "png", "width": 576, "height": 432}, "_wandb": {"runtime": 214}}