{"train_acc": 0.982574074074074, "val_acc": 0.9685, "train_loss": -984.1770648616235, "val_loss": -998.6820610394707, "_timestamp": 1679084489.1690922, "_runtime": 134.91764616966248, "_step": 10, "Confusion Matrix": {"_type": "image-file", "sha256": "2371ca74df5d27eda8ff25fd26cbd8dab0fd79b41052422c1ea595cde4aa9f10", "size": 35895, "path": "media/images/Confusion Matrix_10_2371ca74df5d27eda8ff.png", "format": "png", "width": 576, "height": 432}, "_wandb": {"runtime": 133}}