{"train_acc": 0.9823518518518518, "val_acc": 0.9685, "train_loss": -964.4822559624826, "val_loss": -1019.9821673090685, "_timestamp": 1679086785.1631808, "_runtime": 141.6624128818512, "_step": 10, "Confusion Matrix": {"_type": "image-file", "sha256": "9dea02c3b35b526031b652df671b19d40ce36a8b40570f7cc643cd435a1b90a5", "size": 36830, "path": "media/images/Confusion Matrix_10_9dea02c3b35b526031b6.png", "format": "png", "width": 576, "height": 432}, "_wandb": {"runtime": 141}}