{"train_acc": 0.7864074074074074, "val_acc": 0.7803333333333333, "train_loss": 206.7374499616504, "val_loss": 2.2782882350604594, "_timestamp": 1679052192.2090492, "_runtime": 110.08032822608948, "_step": 10, "Confusion Matrix": {"_type": "image-file", "sha256": "38739feda0fd4f8c7ff57467e59915367194ef986d486b7c236fdcf3c9b1208d", "size": 46634, "path": "media/images/Confusion Matrix_10_38739feda0fd4f8c7ff5.png", "format": "png", "width": 576, "height": 432}, "_wandb": {"runtime": 109}}