{"train_acc": 0.23672222222222222, "val_acc": 0.238, "train_loss": -16196.014154434364, "val_loss": -30018.57672047322, "_timestamp": 1679048801.1231794, "_runtime": 33.64042353630066, "_step": 10, "Confusion Matrix": {"_type": "image-file", "sha256": "16b60b06093649d3a0cfc3ef7e7b3ce6ac499869bfe6a0bf23a9abd73175b76a", "size": 44187, "path": "media/images/Confusion Matrix_10_16b60b06093649d3a0cf.png", "format": "png", "width": 576, "height": 432}, "_wandb": {"runtime": 31}}