{"train_acc": 0.7743888888888889, "val_acc": 0.7693333333333333, "train_loss": 1.884415334993236, "val_loss": 0.6877450867013339, "_timestamp": 1679053164.3747916, "_runtime": 115.84280753135681, "_step": 10, "Confusion Matrix": {"_type": "image-file", "sha256": "d65b2cfa16a4681e5886801864e680f14cf29361c158d967daf65a8e79480d4c", "size": 43328, "path": "media/images/Confusion Matrix_10_d65b2cfa16a4681e5886.png", "format": "png", "width": 576, "height": 432}, "_wandb": {"runtime": 114}}