{"train_acc": 0.8902592592592593, "val_acc": 0.8488333333333333, "train_loss": -869.8193258931415, "val_loss": -923.2771884462154, "_timestamp": 1679056103.7642956, "_runtime": 98.72427558898926, "_step": 10, "Confusion Matrix": {"_type": "image-file", "sha256": "96c6a591cbc587dedf5bb033c2e94a379dbd09601e1ed551b527698823981b4f", "size": 41804, "path": "media/images/Confusion Matrix_10_96c6a591cbc587dedf5b.png", "format": "png", "width": 576, "height": 432}, "_wandb": {"runtime": 97}}