{"train_acc": 0.6751296296296296, "val_acc": 0.6685, "train_loss": -1312.811709917371, "val_loss": -1273.4052391521175, "_timestamp": 1679055619.6801307, "_runtime": 52.1874418258667, "_step": 5, "Confusion Matrix": {"_type": "image-file", "sha256": "31e84084e54f6d26b6df2b3009e740610cc9f0d0f38c2c5478212b7645833deb", "size": 47185, "path": "media/images/Confusion Matrix_5_31e84084e54f6d26b6df.png", "format": "png", "width": 576, "height": 432}, "_wandb": {"runtime": 51}}