{"train_acc": 0.1, "val_acc": 0.1, "train_loss": 21841.56795604644, "val_loss": 24203.67132594658, "_timestamp": 1679048423.7557185, "_runtime": 14.705242395401001, "_step": 5, "Confusion Matrix": {"_type": "image-file", "sha256": "3fd11d329f83d683e86fb0cf605862d7bc0408a8b81036e809a215cefdd5684b", "size": 17790, "path": "media/images/Confusion Matrix_5_3fd11d329f83d683e86f.png", "format": "png", "width": 576, "height": 432}, "_wandb": {"runtime": 13}}