{"train_acc": 0.8334814814814815, "val_acc": 0.8258333333333333, "train_loss": 1.028169635536547, "val_loss": 0.49455729386030284, "_timestamp": 1679078141.7921937, "_runtime": 122.02672576904297, "_step": 10, "Confusion Matrix": {"_type": "image-file", "sha256": "7c45da168911409274eb00724727e9e1e850b8a5b548625fe4d9c723efef7144", "size": 41520, "path": "media/images/Confusion Matrix_10_7c45da168911409274eb.png", "format": "png", "width": 576, "height": 432}, "_wandb": {"runtime": 121}}