{"train_acc": 0.38287037037037036, "val_acc": 0.3641666666666667, "train_loss": -442.53040543608915, "val_loss": -453.5495114112271, "_timestamp": 1679085672.9078262, "_runtime": 138.70627307891846, "_step": 10, "Confusion Matrix": {"_type": "image-file", "sha256": "548b324bb5730009ff16a6ee53835e74b96a55fce434736b88cfb9a684fe5662", "size": 52799, "path": "media/images/Confusion Matrix_10_548b324bb5730009ff16.png", "format": "png", "width": 576, "height": 432}, "_wandb": {"runtime": 138}}