{"train_acc": 0.19194444444444445, "val_acc": 0.19316666666666665, "train_loss": -9329170.756101474, "val_loss": -9431921.65613445, "_timestamp": 1679051307.372576, "_runtime": 12.182188987731934, "_step": 2}