{"train_acc": 0.07314814814814814, "val_acc": 0.07466666666666667, "train_loss": -4676.957555683491, "val_loss": -4360.9966621541535, "_timestamp": 1679054468.1695805, "_runtime": 59.791359424591064, "_step": 5, "Confusion Matrix": {"_type": "image-file", "sha256": "e28bfb6635a33ef83e616f164ab7643aab77aa2e61387f9ec87088ec3d922016", "size": 58366, "path": "media/images/Confusion Matrix_5_e28bfb6635a33ef83e61.png", "format": "png", "width": 576, "height": 432}, "_wandb": {"runtime": 59}}