{"train_acc": 0.598574074074074, "val_acc": 0.591, "train_loss": -151.4509966572851, "val_loss": -144.45122991060268, "_timestamp": 1679078809.1029248, "_runtime": 26.645943880081177, "_step": 5, "Confusion Matrix": {"_type": "image-file", "sha256": "3b32156a44aad785a1a66f1bc07348b6eebe6e1a0e0f8be60f67906c4febb73d", "size": 46238, "path": "media/images/Confusion Matrix_5_3b32156a44aad785a1a6.png", "format": "png", "width": 576, "height": 432}, "_wandb": {"runtime": 24}}