{"train_acc": 0.7046296296296296, "val_acc": 0.698, "train_loss": -220.09011139327225, "val_loss": -209.32405358777123, "_timestamp": 1679075198.208971, "_runtime": 57.25119113922119, "_step": 5, "Confusion Matrix": {"_type": "image-file", "sha256": "88edc71e3f4cb9bb3e5c3832a42620f0fdcf8c80b1801c1df8d111dc0fb00849", "size": 47559, "path": "media/images/Confusion Matrix_5_88edc71e3f4cb9bb3e5c.png", "format": "png", "width": 576, "height": 432}, "_wandb": {"runtime": 56}}