{"train_acc": 0.8923888888888889, "val_acc": 0.8546666666666667, "train_loss": -940.5114118160757, "val_loss": -1029.1596082521928, "_timestamp": 1679056757.0334022, "_runtime": 160.28520321846008, "_step": 10, "Confusion Matrix": {"_type": "image-file", "sha256": "eb85e7c912f1dc56a7d62dec6975152781a0763d42dde3f8112304adb10cceac", "size": 41656, "path": "media/images/Confusion Matrix_10_eb85e7c912f1dc56a7d6.png", "format": "png", "width": 576, "height": 432}, "_wandb": {"runtime": 159}}