{"train_acc": 0.7451296296296296, "val_acc": 0.7373333333333333, "train_loss": 33.68407391099444, "val_loss": 0.7472413330117422, "_timestamp": 1679057167.3731618, "_runtime": 89.64987373352051, "_step": 5, "Confusion Matrix": {"_type": "image-file", "sha256": "481817143443f454ac4b1472fa6fe8a234768672462b4b8f077a094c6e9e77a9", "size": 40710, "path": "media/images/Confusion Matrix_5_481817143443f454ac4b.png", "format": "png", "width": 576, "height": 432}, "_wandb": {"runtime": 88}}