{"train_acc": 0.8521666666666666, "val_acc": 0.8473333333333334, "train_loss": -859.9252699670849, "val_loss": -953.1742771069469, "_timestamp": 1679077184.8519833, "_runtime": 112.75452923774719, "_step": 10, "Confusion Matrix": {"_type": "image-file", "sha256": "7caa8a131cd830b1ce4e12affb6e04043b150c73219bf2c95bbfbf9e9dda6a9d", "size": 42639, "path": "media/images/Confusion Matrix_10_7caa8a131cd830b1ce4e.png", "format": "png", "width": 576, "height": 432}, "_wandb": {"runtime": 112}}