{"train_acc": 0.6232037037037037, "val_acc": 0.6258333333333334, "train_loss": -85.72390588513805, "val_loss": -88.57077819127885, "_timestamp": 1679084200.9083219, "_runtime": 125.20245790481567, "_step": 10, "Confusion Matrix": {"_type": "image-file", "sha256": "1c475a9659145c2e95f5c63780e5339976f47b973bf221dcd1f3fed4cad7d1eb", "size": 50208, "path": "media/images/Confusion Matrix_10_1c475a9659145c2e95f5.png", "format": "png", "width": 576, "height": 432}, "_wandb": {"runtime": 124}}