{"train_acc": 0.7306296296296296, "val_acc": 0.7233333333333334, "train_loss": -16584724.491382742, "val_loss": -16516927.53174661, "_timestamp": 1679055992.630256, "_runtime": 48.48978400230408, "_step": 5, "Confusion Matrix": {"_type": "image-file", "sha256": "c3e52bbb4285c2ef574568052e3d1fc40f16069f8d49815b7b61be5e53c136d4", "size": 40859, "path": "media/images/Confusion Matrix_5_c3e52bbb4285c2ef5745.png", "format": "png", "width": 576, "height": 432}, "_wandb": {"runtime": 47}}