{"train_acc": 0.1, "val_acc": 0.1, "train_loss": 208195.78974013278, "val_loss": 198799.45464453992, "_timestamp": 1679048346.5765646, "_runtime": 44.66758751869202, "_step": 5, "Confusion Matrix": {"_type": "image-file", "sha256": "2b92177af97b0e13d3b52fcd6a4554d062f81f3a34c6bebcaf6792aca4224de5", "size": 17445, "path": "media/images/Confusion Matrix_5_2b92177af97b0e13d3b5.png", "format": "png", "width": 576, "height": 432}, "_wandb": {"runtime": 43}}