{"train_acc": 0.08048148148148149, "val_acc": 0.08566666666666667, "train_loss": -2041.511595029227, "val_loss": -2199.359182970344, "_timestamp": 1679086077.0079033, "_runtime": 136.10899233818054, "_step": 10, "Confusion Matrix": {"_type": "image-file", "sha256": "6f8dc9f833e005791093b093a1f6840b52426722e4b1c05c961464076919cb3c", "size": 55309, "path": "media/images/Confusion Matrix_10_6f8dc9f833e005791093.png", "format": "png", "width": 576, "height": 432}, "_wandb": {"runtime": 135}}