{"train_acc": 0.21314814814814814, "val_acc": 0.21283333333333335, "train_loss": 8575.227356061747, "val_loss": 84.72726703568863, "_timestamp": 1679052557.2412179, "_runtime": 158.47928380966187, "_step": 10, "Confusion Matrix": {"_type": "image-file", "sha256": "d40c2338c0bc5dca1e99d9e0774850364473d5d99cc6ced4edbaf93d28f88cca", "size": 34667, "path": "media/images/Confusion Matrix_10_d40c2338c0bc5dca1e99.png", "format": "png", "width": 576, "height": 432}, "_wandb": {"runtime": 157}}