{"train_acc": 0.853925925925926, "val_acc": 0.8475, "train_loss": 0.9155428264520964, "val_loss": 0.4412572045361758, "_timestamp": 1679077061.412816, "_runtime": 69.31870102882385, "_step": 10, "Confusion Matrix": {"_type": "image-file", "sha256": "7b205c431821075f9961cb97316dfee5ffc3b814103896bbb760b3d5a0c01cf0", "size": 42925, "path": "media/images/Confusion Matrix_10_7b205c431821075f9961.png", "format": "png", "width": 576, "height": 432}, "_wandb": {"runtime": 68}}