{"train_acc": 0.8084259259259259, "val_acc": 0.802, "train_loss": 0.5769908224655144, "val_loss": 0.5386424724549808, "_timestamp": 1679074401.9157553, "_runtime": 19.3366482257843, "_step": 5, "Confusion Matrix": {"_type": "image-file", "sha256": "cc552f40538d80c99a6721b43881accee32115f2045ee3b9a85d5d295b297516", "size": 42491, "path": "media/images/Confusion Matrix_5_cc552f40538d80c99a67.png", "format": "png", "width": 576, "height": 432}, "_wandb": {"runtime": 18}}