{"train_acc": 0.07042592592592592, "val_acc": 0.0685, "train_loss": -3369.775259605252, "val_loss": -4557.3222662118715, "_timestamp": 1679054944.9750354, "_runtime": 60.647971391677856, "_step": 5, "Confusion Matrix": {"_type": "image-file", "sha256": "d6fc0d3c4b071b61c32ee908d01372e79a0d93d10576d2cd4eaab78ff993cf39", "size": 60072, "path": "media/images/Confusion Matrix_5_d6fc0d3c4b071b61c32e.png", "format": "png", "width": 576, "height": 432}, "_wandb": {"runtime": 59}}