{"train_acc": 0.8906111111111111, "val_acc": 0.8716666666666667, "train_loss": -904.3532457911836, "val_loss": -863.8490135339616, "_timestamp": 1679050411.9082196, "_runtime": 95.09392857551575, "_step": 10, "Confusion Matrix": {"_type": "image-file", "sha256": "43cb4117af554cf65ec0ef4438086a128c986fd702dcbb28b568c795a482e848", "size": 39939, "path": "media/images/Confusion Matrix_10_43cb4117af554cf65ec0.png", "format": "png", "width": 576, "height": 432}, "_wandb": {"runtime": 94}}