{"train_acc": 0.10085185185185185, "val_acc": 0.10266666666666667, "train_loss": -66.19772999696214, "val_loss": -66.52404995224515, "_timestamp": 1679084975.3719888, "_runtime": 120.84005570411682, "_step": 10, "Confusion Matrix": {"_type": "image-file", "sha256": "bcff849916817648d776e42d547b0929371b6140089ffd70e43a79ad5d57e382", "size": 43184, "path": "media/images/Confusion Matrix_10_bcff849916817648d776.png", "format": "png", "width": 576, "height": 432}, "_wandb": {"runtime": 120}}