{"train_acc": 0.8172592592592592, "val_acc": 0.8161666666666667, "train_loss": -339.82986000452684, "val_loss": -380.9969838812851, "_timestamp": 1679054398.1702414, "_runtime": 45.89812636375427, "_step": 10, "Confusion Matrix": {"_type": "image-file", "sha256": "c8920bf06d66d4469f264db22a4925bcbd8b870fc87a342ede728c2f017450bb", "size": 41739, "path": "media/images/Confusion Matrix_10_c8920bf06d66d4469f26.png", "format": "png", "width": 576, "height": 432}, "_wandb": {"runtime": 44}}