{"train_acc": 0.5741111111111111, "val_acc": 0.5841666666666666, "train_loss": -86.74661783159877, "val_loss": -87.63601547477953, "_timestamp": 1679085929.6575646, "_runtime": 109.5117666721344, "_step": 10, "Confusion Matrix": {"_type": "image-file", "sha256": "e5d51c15fe41e73d10faf670ad87a0f4710756bcc310a030d37a6d8246feee9f", "size": 49129, "path": "media/images/Confusion Matrix_10_e5d51c15fe41e73d10fa.png", "format": "png", "width": 576, "height": 432}, "_wandb": {"runtime": 108}}