{"train_acc": 0.9825555555555555, "val_acc": 0.966, "train_loss": -1009.8414265851732, "val_loss": -1011.10564902155, "_timestamp": 1679084342.0101156, "_runtime": 130.32198762893677, "_step": 10, "Confusion Matrix": {"_type": "image-file", "sha256": "677490f30affa433f35c2ad8ebbb8616a67fe871938c75466b34c383c190094e", "size": 35178, "path": "media/images/Confusion Matrix_10_677490f30affa433f35c.png", "format": "png", "width": 576, "height": 432}, "_wandb": {"runtime": 129}}