{"train_acc": 0.8622407407407408, "val_acc": 0.851, "train_loss": -2248.5579767779996, "val_loss": -2257.740300468075, "_timestamp": 1679075777.1481416, "_runtime": 39.681721687316895, "_step": 10, "Confusion Matrix": {"_type": "image-file", "sha256": "d8e4e9db3c63bb412faa39fe966c933b29ff4ecdb1b16c83bc08e73400ddfbaa", "size": 41220, "path": "media/images/Confusion Matrix_10_d8e4e9db3c63bb412faa.png", "format": "png", "width": 576, "height": 432}, "_wandb": {"runtime": 38}}