{"train_acc": 0.861, "val_acc": 0.8503333333333334, "train_loss": -2051.18477217691, "val_loss": -2021.134574502514, "_timestamp": 1679075539.5307126, "_runtime": 142.67081952095032, "_step": 10, "Confusion Matrix": {"_type": "image-file", "sha256": "89a7a7c2826b14a8a29211c51bc3281bb93fe1cd2de815ecadbff753693c9314", "size": 40894, "path": "media/images/Confusion Matrix_10_89a7a7c2826b14a8a292.png", "format": "png", "width": 576, "height": 432}, "_wandb": {"runtime": 141}}