{"train_acc": 0.09981481481481481, "val_acc": 0.09933333333333333, "train_loss": -976.3454371357725, "val_loss": -2830.490595755851, "_timestamp": 1679052067.3221366, "_runtime": 58.83538365364075, "_step": 5, "Confusion Matrix": {"_type": "image-file", "sha256": "f9d1e38d650e2c36c6757318cabc6df246c15a39b8514b4e16e493379c6b6216", "size": 25384, "path": "media/images/Confusion Matrix_5_f9d1e38d650e2c36c675.png", "format": "png", "width": 576, "height": 432}, "_wandb": {"runtime": 58}}