{"train_acc": 0.1, "val_acc": 0.1, "train_loss": 2.3279652817365246, "val_loss": 2.3038063404254228, "_timestamp": 1679049570.1610343, "_runtime": 187.77794122695923, "_step": 10, "Confusion Matrix": {"_type": "image-file", "sha256": "5eb4e1e65bcea653fed1554559c93efade64cc421b01dbeade8c3f8bd866559c", "size": 17745, "path": "media/images/Confusion Matrix_10_5eb4e1e65bcea653fed1.png", "format": "png", "width": 576, "height": 432}, "_wandb": {"runtime": 186}}