{"train_acc": 0.7766481481481482, "val_acc": 0.7731666666666667, "train_loss": 1.8142983252293106, "val_loss": 0.6577126138287901, "_timestamp": 1679075235.1284964, "_runtime": 25.874963521957397, "_step": 10, "Confusion Matrix": {"_type": "image-file", "sha256": "d00ac61e7da093ad1ff015d2c28f73e4a465aaa5ee150cafbe48747b7f541cb8", "size": 45147, "path": "media/images/Confusion Matrix_10_d00ac61e7da093ad1ff0.png", "format": "png", "width": 576, "height": 432}, "_wandb": {"runtime": 25}}