{"train_acc": 0.08566666666666667, "val_acc": 0.09216666666666666, "train_loss": -72.94209622873737, "val_loss": -72.46900386083001, "_timestamp": 1679073900.5326052, "_runtime": 133.09845209121704, "_step": 10, "Confusion Matrix": {"_type": "image-file", "sha256": "586af5b541dd1810206e640ebb8da8c70537e61f0ecc3fbf875699ea4499239c", "size": 42499, "path": "media/images/Confusion Matrix_10_586af5b541dd1810206e.png", "format": "png", "width": 576, "height": 432}, "_wandb": {"runtime": 131}}