{"train_acc": 0.9836851851851852, "val_acc": 0.97, "train_loss": -990.6731665398488, "val_loss": -1014.7994793327694, "_timestamp": 1679086495.3224046, "_runtime": 126.14769959449768, "_step": 10, "Confusion Matrix": {"_type": "image-file", "sha256": "94355f018212045fd23ae70adf7c379a1e37a9931fc07c9810087764771945d2", "size": 34994, "path": "media/images/Confusion Matrix_10_94355f018212045fd23a.png", "format": "png", "width": 576, "height": 432}, "_wandb": {"runtime": 125}}