{"train_acc": 0.5503518518518519, "val_acc": 0.5481666666666667, "train_loss": -23.198660690020972, "val_loss": -507.7404446678066, "_timestamp": 1679074323.8523874, "_runtime": 52.05749750137329, "_step": 5, "Confusion Matrix": {"_type": "image-file", "sha256": "f1a63ecfe4758d123a984a04aee0344e73356ee57e9d185b3191a969b4c8346f", "size": 51368, "path": "media/images/Confusion Matrix_5_f1a63ecfe4758d123a98.png", "format": "png", "width": 576, "height": 432}, "_wandb": {"runtime": 51}}