{"train_acc": 0.9833703703703703, "val_acc": 0.9691666666666666, "train_loss": -1015.8408114576162, "val_loss": -1016.3673063262988, "_timestamp": 1679086358.9508219, "_runtime": 126.39368295669556, "_step": 10, "Confusion Matrix": {"_type": "image-file", "sha256": "bf4f909b5cd468b173521e738604f79a8ae5625046d4044d8126d7b55c100b02", "size": 36614, "path": "media/images/Confusion Matrix_10_bf4f909b5cd468b17352.png", "format": "png", "width": 576, "height": 432}, "_wandb": {"runtime": 125}}