{"train_acc": 0.8764814814814815, "val_acc": 0.8475, "train_loss": -791.3957530688001, "val_loss": -756.89910210224, "_timestamp": 1679054065.08882, "_runtime": 63.356199979782104, "_step": 10, "Confusion Matrix": {"_type": "image-file", "sha256": "4bb7a808dbbac4115d2c5e8db4230145130d98ea31ed4fe177400b3c56e69f40", "size": 39923, "path": "media/images/Confusion Matrix_10_4bb7a808dbbac4115d2c.png", "format": "png", "width": 576, "height": 432}, "_wandb": {"runtime": 62}}