{"train_acc": 0.8482962962962963, "val_acc": 0.8441666666666666, "train_loss": 1.1957655675681407, "val_loss": 0.458668531330411, "_timestamp": 1679076907.7212896, "_runtime": 36.13225769996643, "_step": 5, "Confusion Matrix": {"_type": "image-file", "sha256": "1cc94eef37a9e87139ddbdad5031c7118074b870beeee5db0d29c3e1d5cac4c9", "size": 42271, "path": "media/images/Confusion Matrix_5_1cc94eef37a9e87139dd.png", "format": "png", "width": 576, "height": 432}, "_wandb": {"runtime": 35}}