{"train_acc": 0.9829444444444444, "val_acc": 0.9668333333333333, "train_loss": -954.7929663629355, "val_loss": -994.1385699046207, "_timestamp": 1679084842.3809757, "_runtime": 152.03342866897583, "_step": 10, "Confusion Matrix": {"_type": "image-file", "sha256": "534acf563446891c326e5293af5a36b2455c5a7d9188a713a80c52166eac087c", "size": 36075, "path": "media/images/Confusion Matrix_10_534acf563446891c326e.png", "format": "png", "width": 576, "height": 432}, "_wandb": {"runtime": 151}}