{"train_acc": 0.8375370370370371, "val_acc": 0.8336666666666667, "train_loss": -790.018500514431, "val_loss": -829.0984919292047, "_timestamp": 1679078399.9994197, "_runtime": 104.73919868469238, "_step": 10, "Confusion Matrix": {"_type": "image-file", "sha256": "b721293cefbae5fbbd916b2378d9fd5318a4691fdaf28ff5018bb0e72a3a9050", "size": 40849, "path": "media/images/Confusion Matrix_10_b721293cefbae5fbbd91.png", "format": "png", "width": 576, "height": 432}, "_wandb": {"runtime": 102}}