{"train_acc": 0.49607407407407406, "val_acc": 0.475, "train_loss": 2.009099526325995, "val_loss": 3.9417055110470414, "_timestamp": 1679073757.9611044, "_runtime": 236.92336750030518, "_step": 10, "Confusion Matrix": {"_type": "image-file", "sha256": "4b162a03cfb75df360f129508c6acf749a9ada56432562a5fd2c8b728db83113", "size": 56246, "path": "media/images/Confusion Matrix_10_4b162a03cfb75df360f1.png", "format": "png", "width": 576, "height": 432}, "_wandb": {"runtime": 236}}