{"train_acc": 0.8205, "val_acc": 0.8185, "train_loss": -439.034950631376, "val_loss": -484.3933320598274, "_timestamp": 1679053389.257514, "_runtime": 132.35357189178467, "_step": 10, "Confusion Matrix": {"_type": "image-file", "sha256": "0986b8aa2f930357edd156de16da91449d7f4e84d2966e27b8536ce88a298cbd", "size": 42539, "path": "media/images/Confusion Matrix_10_0986b8aa2f930357edd1.png", "format": "png", "width": 576, "height": 432}, "_wandb": {"runtime": 131}}