{"train_acc": 0.8643703703703703, "val_acc": 0.855, "train_loss": -2717.7725992608816, "val_loss": -2376.856338530794, "_timestamp": 1679077380.9035707, "_runtime": 73.6887047290802, "_step": 10, "Confusion Matrix": {"_type": "image-file", "sha256": "c8afb2bd9e3f4eb28ab6f48b333afe764dde2f00699e1c8eda31dcd340dcfd9f", "size": 41438, "path": "media/images/Confusion Matrix_10_c8afb2bd9e3f4eb28ab6.png", "format": "png", "width": 576, "height": 432}, "_wandb": {"runtime": 73}}