{"train_acc": 0.8575, "val_acc": 0.8503333333333334, "train_loss": -1788.6684121670742, "val_loss": -2133.17646139674, "_timestamp": 1679078492.7819295, "_runtime": 79.51300358772278, "_step": 10, "Confusion Matrix": {"_type": "image-file", "sha256": "e3339f7c57009814c02ff85bea54719c64b7214d468c8b65bc9399ef96b4a0a2", "size": 41119, "path": "media/images/Confusion Matrix_10_e3339f7c57009814c02f.png", "format": "png", "width": 576, "height": 432}, "_wandb": {"runtime": 78}}