{"train_acc": 0.32846296296296296, "val_acc": 0.331, "train_loss": 1.4894762284498386, "val_loss": 1.6371173133790586, "_timestamp": 1679049114.9295847, "_runtime": 47.870845794677734, "_step": 5, "Confusion Matrix": {"_type": "image-file", "sha256": "8aa918bd898e121f64838ff13287fb3a2d2a5f9dae9c5d0040b5aefbc92a1954", "size": 32291, "path": "media/images/Confusion Matrix_5_8aa918bd898e121f6483.png", "format": "png", "width": 576, "height": 432}, "_wandb": {"runtime": 47}}