{"train_acc": 0.7677222222222222, "val_acc": 0.76, "train_loss": 1.614964979175733, "val_loss": 0.7164743692033014, "_timestamp": 1679055487.5663478, "_runtime": 96.20051574707031, "_step": 10, "Confusion Matrix": {"_type": "image-file", "sha256": "12c23362b42c9bc9a69c8024c1278f511b365b01f1cfbaa0f132db91c1d602aa", "size": 44145, "path": "media/images/Confusion Matrix_10_12c23362b42c9bc9a69c.png", "format": "png", "width": 576, "height": 432}, "_wandb": {"runtime": 95}}