{"train_acc": 0.8297037037037037, "val_acc": 0.8203333333333334, "train_loss": -939.257160825921, "val_loss": -1011.8356863024181, "_timestamp": 1679076340.6931424, "_runtime": 157.27040553092957, "_step": 10, "Confusion Matrix": {"_type": "image-file", "sha256": "ca8edbce4d6edc7a0651b177c2b5f658fed715803b43c51697e6515c74c3cd26", "size": 43998, "path": "media/images/Confusion Matrix_10_ca8edbce4d6edc7a0651.png", "format": "png", "width": 576, "height": 432}, "_wandb": {"runtime": 156}}