{"train_acc": 0.6103333333333333, "val_acc": 0.6036666666666667, "train_loss": -98.47680627311061, "val_loss": -90.300369318383, "_timestamp": 1679084063.044405, "_runtime": 120.25786209106445, "_step": 10, "Confusion Matrix": {"_type": "image-file", "sha256": "5e124b4bd437745c09cabfae08a95bcabd958c140f83e6bc5cf0cdccf0616ec6", "size": 49309, "path": "media/images/Confusion Matrix_10_5e124b4bd437745c09ca.png", "format": "png", "width": 576, "height": 432}, "_wandb": {"runtime": 119}}