{"train_acc": 0.8561481481481481, "val_acc": 0.8475, "train_loss": -1875.5239745869733, "val_loss": -1791.546087884978, "_timestamp": 1679078525.5733142, "_runtime": 19.801796197891235, "_step": 5, "Confusion Matrix": {"_type": "image-file", "sha256": "034ad18ef9785f31e22f2b2c8f3962edf5bfec5365df10707db10734a78d4c30", "size": 43047, "path": "media/images/Confusion Matrix_5_034ad18ef9785f31e22f.png", "format": "png", "width": 576, "height": 432}, "_wandb": {"runtime": 19}}