{"train_acc": 0.8579814814814815, "val_acc": 0.8545, "train_loss": -1522.4447636695797, "val_loss": -1667.897688936886, "_timestamp": 1679078896.4790206, "_runtime": 24.95484161376953, "_step": 5, "Confusion Matrix": {"_type": "image-file", "sha256": "499afe1b86856f3cdee98cb9e0ef636b91d7f0e1d569b3871e788f683d3fdfa8", "size": 43333, "path": "media/images/Confusion Matrix_5_499afe1b86856f3cdee9.png", "format": "png", "width": 576, "height": 432}, "_wandb": {"runtime": 24}}