{"train_acc": 0.7286666666666667, "val_acc": 0.7196666666666667, "train_loss": -172.54002999501756, "val_loss": -280.92004914940554, "_timestamp": 1679076663.3196642, "_runtime": 128.35061025619507, "_step": 10, "Confusion Matrix": {"_type": "image-file", "sha256": "ddd7b5514668f64a00ef62a36da1130018af13531f72d17afe0351205ea61e36", "size": 46187, "path": "media/images/Confusion Matrix_10_ddd7b5514668f64a00ef.png", "format": "png", "width": 576, "height": 432}, "_wandb": {"runtime": 127}}