{"train_acc": 0.8453148148148149, "val_acc": 0.8425, "train_loss": 1.615796066326665, "val_loss": 0.4664130918536075, "_timestamp": 1679075832.9606223, "_runtime": 44.5895562171936, "_step": 5, "Confusion Matrix": {"_type": "image-file", "sha256": "508e1833e47ecd74a20e2e69559441f5c11cd91f97bd0e86cf9f5faf13296f77", "size": 42110, "path": "media/images/Confusion Matrix_5_508e1833e47ecd74a20e.png", "format": "png", "width": 576, "height": 432}, "_wandb": {"runtime": 43}}