{"train_acc": 0.788425925925926, "val_acc": 0.7808333333333334, "train_loss": -452.0206988986684, "val_loss": -433.4578419017514, "_timestamp": 1679056216.017739, "_runtime": 102.8359751701355, "_step": 10, "Confusion Matrix": {"_type": "image-file", "sha256": "cc0e5ac0dfdaff077a5fb05f67414aacbc3a3acd2f78b5b8531d4a32aa3fd638", "size": 40606, "path": "media/images/Confusion Matrix_10_cc0e5ac0dfdaff077a5f.png", "format": "png", "width": 576, "height": 432}, "_wandb": {"runtime": 102}}