{"train_acc": 0.8517777777777777, "val_acc": 0.8328333333333333, "train_loss": -783.0550556105225, "val_loss": -753.9975251372724, "_timestamp": 1679053242.1147451, "_runtime": 64.84168910980225, "_step": 5, "Confusion Matrix": {"_type": "image-file", "sha256": "05900be345024f5e029462c626b7c44421dfc77880d8797917a22c26b36834e0", "size": 43147, "path": "media/images/Confusion Matrix_5_05900be345024f5e0294.png", "format": "png", "width": 576, "height": 432}, "_wandb": {"runtime": 64}}