{"train_acc": 0.7989074074074074, "val_acc": 0.7875, "train_loss": -155.63275477076087, "val_loss": -406.4289193027307, "_timestamp": 1679056328.2214425, "_runtime": 99.62274146080017, "_step": 10, "Confusion Matrix": {"_type": "image-file", "sha256": "a1d876db329c3973bbeb87c714867ec6f56a78f73876ec5ac3f2e4699cff2ea0", "size": 45711, "path": "media/images/Confusion Matrix_10_a1d876db329c3973bbeb.png", "format": "png", "width": 576, "height": 432}, "_wandb": {"runtime": 98}}