{"train_acc": 0.1, "val_acc": 0.1, "train_loss": -58.36054499647795, "val_loss": -58.642683237335845, "_timestamp": 1679050305.85275, "_runtime": 95.14471197128296, "_step": 10, "Confusion Matrix": {"_type": "image-file", "sha256": "5a936bec8508e86ae7f5ef249b4357ca3c3db49d6f3a48fcb110c4fe49802f3f", "size": 17846, "path": "media/images/Confusion Matrix_10_5a936bec8508e86ae7f5.png", "format": "png", "width": 576, "height": 432}, "_wandb": {"runtime": 93}}