{"train_acc": 0.8503518518518518, "val_acc": 0.8468333333333333, "train_loss": 0.6799179050409976, "val_loss": 0.4457187636123521, "_timestamp": 1679078009.4268222, "_runtime": 55.95667028427124, "_step": 10, "Confusion Matrix": {"_type": "image-file", "sha256": "538a8982354cc80a8f711e99212d74b71b5c5f8f741a3387b21757ebce44afed", "size": 41818, "path": "media/images/Confusion Matrix_10_538a8982354cc80a8f71.png", "format": "png", "width": 576, "height": 432}, "_wandb": {"runtime": 55}}