{"train_acc": 0.8886666666666667, "val_acc": 0.8546666666666667, "train_loss": -1010.7926028416797, "val_loss": -972.8834985877546, "_timestamp": 1679056970.3915658, "_runtime": 99.81920385360718, "_step": 10, "Confusion Matrix": {"_type": "image-file", "sha256": "09fd31d8d92b59621651dc6c1cca7cd2f11a8d954c92184abf916dbf139816ca", "size": 41418, "path": "media/images/Confusion Matrix_10_09fd31d8d92b59621651.png", "format": "png", "width": 576, "height": 432}, "_wandb": {"runtime": 99}}