{"train_acc": 0.35903703703703704, "val_acc": 0.33316666666666667, "train_loss": -483.1249828555812, "val_loss": -409.76272075052026, "_timestamp": 1679085137.8888195, "_runtime": 148.82468938827515, "_step": 10, "Confusion Matrix": {"_type": "image-file", "sha256": "ba11a4bb99437edcf7c4e2b33d18d2916215904bcbc7382448ec155b3a82a45a", "size": 51584, "path": "media/images/Confusion Matrix_10_ba11a4bb99437edcf7c4.png", "format": "png", "width": 576, "height": 432}, "_wandb": {"runtime": 148}}