{"train_acc": 0.33275925925925925, "val_acc": 0.3298333333333333, "train_loss": 1.9820206253488888, "val_loss": 1.9170449957121034, "_timestamp": 1679074796.5809476, "_runtime": 15.211748600006104, "_step": 5, "Confusion Matrix": {"_type": "image-file", "sha256": "9815eb6ea2875f002a03e780633ab59918fb340770872f44fc0b1a1ea4ec5d40", "size": 57180, "path": "media/images/Confusion Matrix_5_9815eb6ea2875f002a03.png", "format": "png", "width": 576, "height": 432}, "_wandb": {"runtime": 14}}