{"train_acc": 0.8463888888888889, "val_acc": 0.8436666666666667, "train_loss": -1363.5367266800456, "val_loss": -1193.6965833566485, "_timestamp": 1679076049.9765382, "_runtime": 32.115238189697266, "_step": 5, "Confusion Matrix": {"_type": "image-file", "sha256": "7ab914f65ff49ea0264057970592a9cb4cb31deefb6b22b7f7eb54a82116e0ef", "size": 41091, "path": "media/images/Confusion Matrix_5_7ab914f65ff49ea02640.png", "format": "png", "width": 576, "height": 432}, "_wandb": {"runtime": 31}}