{"train_acc": 0.1, "val_acc": 0.1, "train_loss": 308.83788714316864, "val_loss": 3.120633471609852, "_timestamp": 1679050646.942443, "_runtime": 39.10116386413574, "_step": 5, "Confusion Matrix": {"_type": "image-file", "sha256": "5eb4e1e65bcea653fed1554559c93efade64cc421b01dbeade8c3f8bd866559c", "size": 17745, "path": "media/images/Confusion Matrix_5_5eb4e1e65bcea653fed1.png", "format": "png", "width": 576, "height": 432}, "_wandb": {"runtime": 38}}