{"train_acc": 0.776962962962963, "val_acc": 0.775, "train_loss": -375.7759224047338, "val_loss": -355.046656117298, "_timestamp": 1679055550.2753117, "_runtime": 49.445220708847046, "_step": 5, "Confusion Matrix": {"_type": "image-file", "sha256": "9b18069575bfd3eb3ac064225d2b172fc9a09efe064ac04dfdadc403080334dc", "size": 42029, "path": "media/images/Confusion Matrix_5_9b18069575bfd3eb3ac0.png", "format": "png", "width": 576, "height": 432}, "_wandb": {"runtime": 48}}