{"train_acc": 0.20675925925925925, "val_acc": 0.21183333333333335, "train_loss": -57.981444937399395, "val_loss": -59.00019582747999, "_timestamp": 1679074372.346005, "_runtime": 30.270530939102173, "_step": 10, "Confusion Matrix": {"_type": "image-file", "sha256": "7d8887e5ee962b7a4af75b5faec3b82f23978de6cdba73727a037bda7860b2e4", "size": 47092, "path": "media/images/Confusion Matrix_10_7d8887e5ee962b7a4af7.png", "format": "png", "width": 576, "height": 432}, "_wandb": {"runtime": 29}}