{"train_acc": 0.10635185185185185, "val_acc": 0.10316666666666667, "train_loss": -61.383529744282406, "val_loss": -74.77846726641482, "_timestamp": 1679076516.8022974, "_runtime": 88.7434012889862, "_step": 5, "Confusion Matrix": {"_type": "image-file", "sha256": "49d845fc0eca503521bf4b5e2f45f2573993061a2285676d511c21d70c8a5496", "size": 42869, "path": "media/images/Confusion Matrix_5_49d845fc0eca503521bf.png", "format": "png", "width": 576, "height": 432}, "_wandb": {"runtime": 87}}