{"train_acc": 0.1998148148148148, "val_acc": 0.17616666666666667, "train_loss": -1196.377115789771, "val_loss": -1109.6029486025561, "_timestamp": 1679085392.899157, "_runtime": 113.12057995796204, "_step": 10, "Confusion Matrix": {"_type": "image-file", "sha256": "453547567509be2c15ee3b8ba38f47e578ed32cc544705471fccad7f25b9de64", "size": 52463, "path": "media/images/Confusion Matrix_10_453547567509be2c15ee.png", "format": "png", "width": 576, "height": 432}, "_wandb": {"runtime": 112}}