{"train_acc": 0.7500925925925926, "val_acc": 0.7358333333333333, "train_loss": -425.31894707405564, "val_loss": -465.36349167594136, "_timestamp": 1679057590.338474, "_runtime": 91.4258861541748, "_step": 10, "Confusion Matrix": {"_type": "image-file", "sha256": "17a6d23a5e3c6bbf9a16c966e5403edf93e7223198dac42dbd62f26062992107", "size": 41190, "path": "media/images/Confusion Matrix_10_17a6d23a5e3c6bbf9a16.png", "format": "png", "width": 576, "height": 432}, "_wandb": {"runtime": 90}}