{"train_acc": 0.8378703703703704, "val_acc": 0.8313333333333334, "train_loss": 0.6872754414653831, "val_loss": 0.48205098566022053, "_timestamp": 1679075387.8591664, "_runtime": 57.16491937637329, "_step": 10, "Confusion Matrix": {"_type": "image-file", "sha256": "e132758fe3afeec81e48c43b18ae2f72fc355fbe31b7b4339fe164d1b155b6bf", "size": 41823, "path": "media/images/Confusion Matrix_10_e132758fe3afeec81e48.png", "format": "png", "width": 576, "height": 432}, "_wandb": {"runtime": 56}}