{"train_acc": 0.6364814814814815, "val_acc": 0.6301666666666667, "train_loss": -128.29762853067874, "val_loss": -151.61481755174393, "_timestamp": 1679077670.3269298, "_runtime": 39.162057876586914, "_step": 5, "Confusion Matrix": {"_type": "image-file", "sha256": "19d88aebe1f266cad5a7f045957c7208330255b5cc0b33e9effebbe26693f7bf", "size": 48474, "path": "media/images/Confusion Matrix_5_19d88aebe1f266cad5a7.png", "format": "png", "width": 576, "height": 432}, "_wandb": {"runtime": 38}}