{"train_acc": 0.2825, "val_acc": 0.2735, "train_loss": -181.80520275611426, "val_loss": -151.6311099262078, "_timestamp": 1679074125.9246619, "_runtime": 207.32237482070923, "_step": 10, "Confusion Matrix": {"_type": "image-file", "sha256": "c1978e54ade7de3881aadfd559d595ab1a56085188b03e447f7c6b3c5f6a7d4b", "size": 59380, "path": "media/images/Confusion Matrix_10_c1978e54ade7de3881aa.png", "format": "png", "width": 576, "height": 432}, "_wandb": {"runtime": 206}}