{"train_acc": 0.09422222222222222, "val_acc": 0.09266666666666666, "train_loss": 2.8782251512974764, "val_loss": 2.921450432999673, "_timestamp": 1679078854.3611574, "_runtime": 32.31238150596619, "_step": 5, "Confusion Matrix": {"_type": "image-file", "sha256": "4abd8b5fbffb7ee8ee4fa1fcb61cbf13125de4ba5623f872cf7b8a436919856c", "size": 34719, "path": "media/images/Confusion Matrix_5_4abd8b5fbffb7ee8ee4f.png", "format": "png", "width": 576, "height": 432}, "_wandb": {"runtime": 31}}