{"train_acc": 0.1, "val_acc": 0.1, "train_loss": 71.86214771682432, "val_loss": -58.410339991609945, "_timestamp": 1679048610.6599343, "_runtime": 87.0266661643982, "_step": 10, "Confusion Matrix": {"_type": "image-file", "sha256": "e163311286a4616e1685d173879c37140a2419fffbba282ae9453182c556c8fd", "size": 17589, "path": "media/images/Confusion Matrix_10_e163311286a4616e1685.png", "format": "png", "width": 576, "height": 432}, "_wandb": {"runtime": 84}}