{"train_acc": 0.9835555555555555, "val_acc": 0.9676666666666667, "train_loss": -1022.1408757066497, "val_loss": -1015.643680985411, "_timestamp": 1679086222.3004556, "_runtime": 127.36828565597534, "_step": 10, "Confusion Matrix": {"_type": "image-file", "sha256": "b297cb6b0894713b7ea629718eca28bedc7e6d0d06cef1c971f10256edb86a5e", "size": 35190, "path": "media/images/Confusion Matrix_10_b297cb6b0894713b7ea6.png", "format": "png", "width": 576, "height": 432}, "_wandb": {"runtime": 126}}