{"train_acc": 0.8700925925925926, "val_acc": 0.8415, "train_loss": 1.9981259484888128, "val_loss": 0.42735677321804166, "_timestamp": 1679051519.2901723, "_runtime": 92.03660345077515, "_step": 5, "Confusion Matrix": {"_type": "image-file", "sha256": "9979bc61fcca848e5156c934e5991825ba5dab6230da0c1dcb79f4808a66370c", "size": 41853, "path": "media/images/Confusion Matrix_5_9979bc61fcca848e5156.png", "format": "png", "width": 576, "height": 432}, "_wandb": {"runtime": 91}}