{"train_acc": 0.09964814814814815, "val_acc": 0.09966666666666667, "train_loss": 11.025412935331245, "val_loss": 11.086697618479358, "_timestamp": 1679054246.0904512, "_runtime": 166.95101928710938, "_step": 10, "Confusion Matrix": {"_type": "image-file", "sha256": "4a2cd27e81477148bbf5090dd022502a92a3e4a0e94ae040477fb1aaff25b69f", "size": 22681, "path": "media/images/Confusion Matrix_10_4a2cd27e81477148bbf5.png", "format": "png", "width": 576, "height": 432}, "_wandb": {"runtime": 166}}