{"train_acc": 0.8500740740740741, "val_acc": 0.8435, "train_loss": -706.8918678870886, "val_loss": -1007.9313932147337, "_timestamp": 1679077825.9889836, "_runtime": 138.37774562835693, "_step": 10, "Confusion Matrix": {"_type": "image-file", "sha256": "f1189869b96b32ec65ef0865ae53e116a3c45ef5486714313417570d6368b6e0", "size": 42760, "path": "media/images/Confusion Matrix_10_f1189869b96b32ec65ef.png", "format": "png", "width": 576, "height": 432}, "_wandb": {"runtime": 137}}