{"train_acc": 0.7317777777777777, "val_acc": 0.7208333333333333, "train_loss": 1.7121036008249906, "val_loss": 0.7492803655639861, "_timestamp": 1679054587.0468926, "_runtime": 106.20135259628296, "_step": 10, "Confusion Matrix": {"_type": "image-file", "sha256": "ec5bfbd67b10e486fb5720819e575da971c3fdcfc8188ef1801c591ff4a635bc", "size": 43506, "path": "media/images/Confusion Matrix_10_ec5bfbd67b10e486fb57.png", "format": "png", "width": 576, "height": 432}, "_wandb": {"runtime": 105}}