{"train_acc": 0.5780740740740741, "val_acc": 0.575, "train_loss": 71.46580711832055, "val_loss": 1.5479229795735368, "_timestamp": 1679049048.5695992, "_runtime": 74.17107009887695, "_step": 5, "Confusion Matrix": {"_type": "image-file", "sha256": "3d1eac7f75047ad815f06ce441833710edd7c3d09fc681736dcef1b695f0f414", "size": 41868, "path": "media/images/Confusion Matrix_5_3d1eac7f75047ad815f0.png", "format": "png", "width": 576, "height": 432}, "_wandb": {"runtime": 73}}