{"train_acc": 0.8351111111111111, "val_acc": 0.8285, "train_loss": -1059.205202820924, "val_loss": -933.6451036831493, "_timestamp": 1679078251.851413, "_runtime": 99.41917991638184, "_step": 10, "Confusion Matrix": {"_type": "image-file", "sha256": "e825065cb30fe36d4e5e16e802dbb6d03acaa5d57dcf517a7e1a6a35cbfb731c", "size": 43086, "path": "media/images/Confusion Matrix_10_e825065cb30fe36d4e5e.png", "format": "png", "width": 576, "height": 432}, "_wandb": {"runtime": 98}}