{"train_acc": 0.1, "val_acc": 0.1, "train_loss": 2.3037584583128243, "val_loss": 2.3026058556858406, "_timestamp": 1679050064.075537, "_runtime": 27.94745898246765, "_step": 10, "Confusion Matrix": {"_type": "image-file", "sha256": "aecec8b68cb6b8ca599325559af8c1ab62f0d5f2dc48e990c6e5283be7dbde8c", "size": 17819, "path": "media/images/Confusion Matrix_10_aecec8b68cb6b8ca5993.png", "format": "png", "width": 576, "height": 432}, "_wandb": {"runtime": 27}}