{"train_acc": 0.6330185185185185, "val_acc": 0.6295, "train_loss": -97.15063209388302, "val_loss": -97.08466729593533, "_timestamp": 1679085514.9930565, "_runtime": 109.64941644668579, "_step": 10, "Confusion Matrix": {"_type": "image-file", "sha256": "cb1c6e5adb099b63fd9244dea415971e2356e1371c4949d86470d11593e3c920", "size": 47950, "path": "media/images/Confusion Matrix_10_cb1c6e5adb099b63fd92.png", "format": "png", "width": 576, "height": 432}, "_wandb": {"runtime": 108}}