{"train_acc": 0.6361666666666667, "val_acc": 0.6343333333333333, "train_loss": -93.32672863446314, "val_loss": -99.88679802622667, "_timestamp": 1679085261.8788035, "_runtime": 106.76690649986267, "_step": 10, "Confusion Matrix": {"_type": "image-file", "sha256": "ee75ade6a3e8ef6025d49b675385140b756dcfdb387f386112c2fabae5bfd4ee", "size": 49251, "path": "media/images/Confusion Matrix_10_ee75ade6a3e8ef6025d4.png", "format": "png", "width": 576, "height": 432}, "_wandb": {"runtime": 106}}