{"train_acc": 0.1, "val_acc": 0.1, "train_loss": 2.3166261158496377, "val_loss": 2.3309300401238717, "_timestamp": 1679049369.3750656, "_runtime": 101.11680364608765, "_step": 5, "Confusion Matrix": {"_type": "image-file", "sha256": "aecec8b68cb6b8ca599325559af8c1ab62f0d5f2dc48e990c6e5283be7dbde8c", "size": 17819, "path": "media/images/Confusion Matrix_5_aecec8b68cb6b8ca5993.png", "format": "png", "width": 576, "height": 432}, "_wandb": {"runtime": 100}}