{"train_acc": 0.853574074074074, "val_acc": 0.8418333333333333, "train_loss": -6196.229577068774, "val_loss": -3093.4528315319726, "_timestamp": 1679048512.0148647, "_runtime": 74.57917356491089, "_step": 10, "Confusion Matrix": {"_type": "image-file", "sha256": "925598cd136f0d02e6517d00c66c51b1627047186989739625c5b4e72ce08ed4", "size": 40371, "path": "media/images/Confusion Matrix_10_925598cd136f0d02e651.png", "format": "png", "width": 576, "height": 432}, "_wandb": {"runtime": 73}}