{"train_acc": 0.14407407407407408, "val_acc": 0.13533333333333333, "train_loss": 2.172822615429577, "val_loss": 2.265960422814337, "_timestamp": 1679051664.9539864, "_runtime": 77.05597734451294, "_step": 10, "Confusion Matrix": {"_type": "image-file", "sha256": "338aae2c8a4fa8a6fe2fa6724fb696b18ccc9e3d4ab1edda4678b0cbf6641bed", "size": 59581, "path": "media/images/Confusion Matrix_10_338aae2c8a4fa8a6fe2f.png", "format": "png", "width": 576, "height": 432}, "_wandb": {"runtime": 76}}