{"train_acc": 0.7813333333333333, "val_acc": 0.7765, "train_loss": 337.42604563469484, "val_loss": -316.23361063787553, "_timestamp": 1679052665.3619573, "_runtime": 95.4681932926178, "_step": 5, "Confusion Matrix": {"_type": "image-file", "sha256": "00d8bb2af3eabd86c39907b473e5f07e092f6a4c868b937243b262004df69465", "size": 44890, "path": "media/images/Confusion Matrix_5_00d8bb2af3eabd86c399.png", "format": "png", "width": 576, "height": 432}, "_wandb": {"runtime": 94}}