{"train_acc": 0.7031666666666667, "val_acc": 0.6995, "train_loss": 31.076807622068632, "val_loss": 81.16716994944524, "_timestamp": 1679056535.7954903, "_runtime": 43.22578835487366, "_step": 5, "Confusion Matrix": {"_type": "image-file", "sha256": "5c3920f31da36211e9dfc80965af28539aaa0b9e8bb8225fe16868b5946522ca", "size": 42904, "path": "media/images/Confusion Matrix_5_5c3920f31da36211e9df.png", "format": "png", "width": 576, "height": 432}, "_wandb": {"runtime": 42}}