{"train_acc": 0.8616481481481482, "val_acc": 0.8551666666666666, "train_loss": -3100.6467103202817, "val_loss": -2284.4611770749457, "_timestamp": 1679076853.85286, "_runtime": 56.74836087226868, "_step": 10, "Confusion Matrix": {"_type": "image-file", "sha256": "55e89415f182c10a391beebe24e5e71a17c1402ebf388aac34e806f282be7a75", "size": 42339, "path": "media/images/Confusion Matrix_10_55e89415f182c10a391b.png", "format": "png", "width": 576, "height": 432}, "_wandb": {"runtime": 56}}