{"train_acc": 0.18074074074074073, "val_acc": 0.17466666666666666, "train_loss": -9942758.900219772, "val_loss": -9787283.97124751, "_timestamp": 1679052954.445704, "_runtime": 86.07288789749146, "_step": 10, "Confusion Matrix": {"_type": "image-file", "sha256": "b13b9f5b81c2ef51dc687b745d9a1b007ee9fbcd2de8f05281e3d465e81e76db", "size": 36028, "path": "media/images/Confusion Matrix_10_b13b9f5b81c2ef51dc68.png", "format": "png", "width": 576, "height": 432}, "_wandb": {"runtime": 85}}