{"train_acc": 0.8034074074074075, "val_acc": 0.8055, "train_loss": -441.22376372174716, "val_loss": -425.13459271793147, "_timestamp": 1679055808.994314, "_runtime": 119.30486297607422, "_step": 10, "Confusion Matrix": {"_type": "image-file", "sha256": "a4bc06d47c0c302d83f2479ac4fd5495eadd9dae65881ed10d4c2690d512d095", "size": 41201, "path": "media/images/Confusion Matrix_10_a4bc06d47c0c302d83f2.png", "format": "png", "width": 576, "height": 432}, "_wandb": {"runtime": 118}}