{"train_acc": 0.7975555555555556, "val_acc": 0.7935, "train_loss": -428.90292938635594, "val_loss": -381.6150652842802, "_timestamp": 1679055678.228484, "_runtime": 47.20106887817383, "_step": 5, "Confusion Matrix": {"_type": "image-file", "sha256": "53c73ffc880b4c1bec5c350b754f234729dd6504dfa7e3a441206b4a04e2c33d", "size": 41340, "path": "media/images/Confusion Matrix_5_53c73ffc880b4c1bec5c.png", "format": "png", "width": 576, "height": 432}, "_wandb": {"runtime": 45}}