{"train_acc": 0.1, "val_acc": 0.1, "train_loss": 2.3030296051897743, "val_loss": 2.3025985347495124, "_timestamp": 1679048244.165511, "_runtime": 208.87886786460876, "_step": 3}