{"train_acc": 0.8325, "val_acc": 0.8273333333333334, "train_loss": 1.486805600642007, "val_loss": 0.49997843476210296, "_timestamp": 1679076006.1533844, "_runtime": 160.3696265220642, "_step": 10, "Confusion Matrix": {"_type": "image-file", "sha256": "a19152a47fbf3fa96dca8872f5f2c74123446fd24471c366cffe016ed566edf2", "size": 43755, "path": "media/images/Confusion Matrix_10_a19152a47fbf3fa96dca.png", "format": "png", "width": 576, "height": 432}, "_wandb": {"runtime": 159}}