{"train_acc": 0.15235185185185185, "val_acc": 0.1495, "train_loss": -67.34895262741752, "val_loss": -76.2094870960369, "_timestamp": 1679077289.7802794, "_runtime": 87.00070333480835, "_step": 10, "Confusion Matrix": {"_type": "image-file", "sha256": "8cccdf0ed90f8e91f17a9c51bba7d2095bffc5bf9ee19ad5a7dd2446bd0ecf8d", "size": 42814, "path": "media/images/Confusion Matrix_10_8cccdf0ed90f8e91f17a.png", "format": "png", "width": 576, "height": 432}, "_wandb": {"runtime": 86}}