{"train_acc": 0.4557407407407407, "val_acc": 0.4605, "train_loss": -14365133.456558611, "val_loss": -19223383.903163068, "_timestamp": 1679048395.1254325, "_runtime": 35.71347451210022, "_step": 5, "Confusion Matrix": {"_type": "image-file", "sha256": "7f3461eb1e72db32b26b94f59d8cef1e503d6991f86ecd9805703a6beaf91688", "size": 38858, "path": "media/images/Confusion Matrix_5_7f3461eb1e72db32b26b.png", "format": "png", "width": 576, "height": 432}, "_wandb": {"runtime": 34}}