{"train_acc": 0.8462037037037037, "val_acc": 0.8411666666666666, "train_loss": -1856.8965072223282, "val_loss": -1655.9343597279005, "_timestamp": 1679076779.4541743, "_runtime": 19.015506267547607, "_step": 5, "Confusion Matrix": {"_type": "image-file", "sha256": "b73144f887f2d89b31167d48af6807760205dc86512a2bdb65f45fe8526fbb24", "size": 42285, "path": "media/images/Confusion Matrix_5_b73144f887f2d89b3116.png", "format": "png", "width": 576, "height": 432}, "_wandb": {"runtime": 18}}