{"train_acc": 0.8070555555555555, "val_acc": 0.8023333333333333, "train_loss": -489.20109241554707, "val_loss": -457.83494818222533, "_timestamp": 1679053889.523487, "_runtime": 136.569354057312, "_step": 10, "Confusion Matrix": {"_type": "image-file", "sha256": "e774edf61d8e14677b284304dd6aafab9df45514cb2c3604d517af840e6ae5b0", "size": 42476, "path": "media/images/Confusion Matrix_10_e774edf61d8e14677b28.png", "format": "png", "width": 576, "height": 432}, "_wandb": {"runtime": 134}}