{"train_acc": 0.7482037037037037, "val_acc": 0.7458333333333333, "train_loss": -16950914.560585536, "val_loss": -16559009.679895176, "_timestamp": 1679055005.6198614, "_runtime": 40.40695643424988, "_step": 5, "Confusion Matrix": {"_type": "image-file", "sha256": "387e4e61a60673d93244279d99f05394e47ea0e7224579f16dce81062bb49929", "size": 41606, "path": "media/images/Confusion Matrix_5_387e4e61a60673d93244.png", "format": "png", "width": 576, "height": 432}, "_wandb": {"runtime": 39}}