{"train_acc": 0.857462962962963, "val_acc": 0.837, "train_loss": 1.3726270594288548, "val_loss": 0.4632394016095479, "_timestamp": 1679053035.9831586, "_runtime": 70.40744757652283, "_step": 5, "Confusion Matrix": {"_type": "image-file", "sha256": "9d93c5ab12376fdc16cfdae52bad66d09f925ed5abe972cd32f461f99fe864fc", "size": 42065, "path": "media/images/Confusion Matrix_5_9d93c5ab12376fdc16cf.png", "format": "png", "width": 576, "height": 432}, "_wandb": {"runtime": 69}}