{"train_acc": 0.8057037037037037, "val_acc": 0.7983333333333333, "train_loss": -433.2936861893894, "val_loss": -438.2802643706602, "_timestamp": 1679052386.0822978, "_runtime": 94.22032380104065, "_step": 10, "Confusion Matrix": {"_type": "image-file", "sha256": "ce891db416738b41b2042bd3e8be318c6b34f1457b04543e1d5f48e605181563", "size": 41250, "path": "media/images/Confusion Matrix_10_ce891db416738b41b204.png", "format": "png", "width": 576, "height": 432}, "_wandb": {"runtime": 93}}