{"train_acc": 0.8463148148148149, "val_acc": 0.8391666666666666, "train_loss": -1622.4135176732664, "val_loss": -1584.0336667730614, "_timestamp": 1679078281.4425523, "_runtime": 19.947522401809692, "_step": 5, "Confusion Matrix": {"_type": "image-file", "sha256": "1328ec79896d844aa6842bc03bc6194380b10b2674d29346936f79370a962d6a", "size": 42600, "path": "media/images/Confusion Matrix_5_1328ec79896d844aa684.png", "format": "png", "width": 576, "height": 432}, "_wandb": {"runtime": 19}}