{"train_acc": 0.19157407407407406, "val_acc": 0.17683333333333334, "train_loss": -694.4430057269981, "val_loss": -824.6634307130292, "_timestamp": 1679085809.6803308, "_runtime": 125.79408669471741, "_step": 10, "Confusion Matrix": {"_type": "image-file", "sha256": "1cdbc6e6ff234e2e73ce1fbd00bfd84bf67de7e1a0715715393adb8456948c63", "size": 55486, "path": "media/images/Confusion Matrix_10_1cdbc6e6ff234e2e73ce.png", "format": "png", "width": 576, "height": 432}, "_wandb": {"runtime": 125}}