{"train_acc": 0.8623333333333333, "val_acc": 0.8565, "train_loss": -2199.2671752645765, "val_loss": -1693.6163803501404, "_timestamp": 1679076174.2318707, "_runtime": 51.86378455162048, "_step": 5, "Confusion Matrix": {"_type": "image-file", "sha256": "c7c1c77f03c25e894f83c0d3c70938bbe6a82c76bf416cc17987a5a262e776e3", "size": 41491, "path": "media/images/Confusion Matrix_5_c7c1c77f03c25e894f83.png", "format": "png", "width": 576, "height": 432}, "_wandb": {"runtime": 51}}