{"train_acc": 0.7002777777777778, "val_acc": 0.69, "train_loss": -16341673.895442719, "val_loss": -16449543.947987601, "_timestamp": 1679057065.5569377, "_runtime": 86.13190960884094, "_step": 10, "Confusion Matrix": {"_type": "image-file", "sha256": "37ec4636fab2f89419c46516b43ec598a3638dbc725e60b6b7a0d11386c75f97", "size": 42694, "path": "media/images/Confusion Matrix_10_37ec4636fab2f89419c4.png", "format": "png", "width": 576, "height": 432}, "_wandb": {"runtime": 85}}