{"train_acc": 0.670537037037037, "val_acc": 0.663, "train_loss": -16462936.218992408, "val_loss": -16101773.38816851, "_timestamp": 1679056395.103104, "_runtime": 48.90332102775574, "_step": 5, "Confusion Matrix": {"_type": "image-file", "sha256": "c99fc78f170c444bb15a543cf0ca11789ef114b5dcc4a6b46bae3a7021cc9959", "size": 44209, "path": "media/images/Confusion Matrix_5_c99fc78f170c444bb15a.png", "format": "png", "width": 576, "height": 432}, "_wandb": {"runtime": 48}}