{"train_acc": 0.5916666666666667, "val_acc": 0.5823333333333334, "train_loss": 520.9055216071479, "val_loss": -281.9623922673794, "_timestamp": 1679056856.8522823, "_runtime": 82.84770226478577, "_step": 10, "Confusion Matrix": {"_type": "image-file", "sha256": "c506bc41865e19d611ced06b5181804a9043b4261ca3d7fed2b7485a09efccd5", "size": 51899, "path": "media/images/Confusion Matrix_10_c506bc41865e19d611ce.png", "format": "png", "width": 576, "height": 432}, "_wandb": {"runtime": 82}}