{"train_acc": 0.8586481481481482, "val_acc": 0.8478333333333333, "train_loss": -2312.494824680098, "val_loss": -2267.8045067827643, "_timestamp": 1679078967.8005173, "_runtime": 59.208935260772705, "_step": 10, "Confusion Matrix": {"_type": "image-file", "sha256": "e25216b92307dc2d8381535db260878c67b3b0631e3fa93b91bccb4b0aa17c46", "size": 42903, "path": "media/images/Confusion Matrix_10_e25216b92307dc2d8381.png", "format": "png", "width": 576, "height": 432}, "_wandb": {"runtime": 58}}