{"train_acc": 0.7904444444444444, "val_acc": 0.7858333333333334, "train_loss": 2.415901875453168, "val_loss": 0.6421458896564316, "_timestamp": 1679055235.9602818, "_runtime": 42.541136741638184, "_step": 5, "Confusion Matrix": {"_type": "image-file", "sha256": "f3078e7f5842b773c275b67ed58dc07e7eac4ffa6f034282935b41e4afd464b2", "size": 44949, "path": "media/images/Confusion Matrix_5_f3078e7f5842b773c275.png", "format": "png", "width": 576, "height": 432}, "_wandb": {"runtime": 41}}