{"train_acc": 0.4083888888888889, "val_acc": 0.4068333333333333, "train_loss": 446.1465781446937, "val_loss": 3.4896131710803617, "_timestamp": 1679051569.2634706, "_runtime": 36.81727457046509, "_step": 5, "Confusion Matrix": {"_type": "image-file", "sha256": "01274b16211ed6d0df44887a82df6ea47a03c642f8d0546b99cdd620ffa15a97", "size": 58129, "path": "media/images/Confusion Matrix_5_01274b16211ed6d0df44.png", "format": "png", "width": 576, "height": 432}, "_wandb": {"runtime": 36}}