{"train_acc": 0.3833888888888889, "val_acc": 0.37866666666666665, "train_loss": 448.1264480802716, "val_loss": 3.8119694891200524, "_timestamp": 1679051561.1636925, "_runtime": 28.717496395111084, "_step": 3}