{"train_acc": 0.8261111111111111, "val_acc": 0.8126666666666666, "train_loss": -1152.5967937646271, "val_loss": -1267.944799897466, "_timestamp": 1679052855.259911, "_runtime": 175.1902151107788, "_step": 10, "Confusion Matrix": {"_type": "image-file", "sha256": "79169545388bbef797c13972da31d6011087878cbe911d76c923206d6915d18f", "size": 41855, "path": "media/images/Confusion Matrix_10_79169545388bbef797c1.png", "format": "png", "width": 576, "height": 432}, "_wandb": {"runtime": 174}}