{"train_acc": 0.8537962962962963, "val_acc": 0.8465, "train_loss": 0.49757000414414715, "val_loss": 0.445329378829634, "_timestamp": 1679073507.1736794, "_runtime": 95.21248245239258, "_step": 10, "Confusion Matrix": {"_type": "image-file", "sha256": "08828ef76c9f8b80c251f95a865d9dbb7c1d8dbf40b308a6c5d0e6db246783bb", "size": 42571, "path": "media/images/Confusion Matrix_10_08828ef76c9f8b80c251.png", "format": "png", "width": 576, "height": 432}, "_wandb": {"runtime": 94}}