{"train_acc": 0.8316666666666667, "val_acc": 0.822, "train_loss": 46.1182645767661, "val_loss": 17.55477825688009, "_timestamp": 1679049866.1166437, "_runtime": 120.61277461051941, "_step": 5, "Confusion Matrix": {"_type": "image-file", "sha256": "cb5a39d2dd2737de807d4166fc4809fd5fa724791ca973dd4caac44da60a6956", "size": 42850, "path": "media/images/Confusion Matrix_5_cb5a39d2dd2737de807d.png", "format": "png", "width": 576, "height": 432}, "_wandb": {"runtime": 119}}