{"train_acc": 0.8056666666666666, "val_acc": 0.7983333333333333, "train_loss": -17072327.009355858, "val_loss": -16920151.199105114, "_timestamp": 1679057487.548389, "_runtime": 83.85827684402466, "_step": 10, "Confusion Matrix": {"_type": "image-file", "sha256": "46cb773d43c524bec09ded75f6f1bb234823fe15499711cc828a0ebe4d198499", "size": 42402, "path": "media/images/Confusion Matrix_10_46cb773d43c524bec09d.png", "format": "png", "width": 576, "height": 432}, "_wandb": {"runtime": 83}}