{"train_acc": 0.7017592592592593, "val_acc": 0.6955, "train_loss": -59344.48917637454, "val_loss": -67148.26523225041, "_timestamp": 1679050863.4830496, "_runtime": 91.11379861831665, "_step": 10, "Confusion Matrix": {"_type": "image-file", "sha256": "44a87517622680698e48ecc04065182c504a3c11b47071baf6916d91c0e1faf1", "size": 41529, "path": "media/images/Confusion Matrix_10_44a87517622680698e48.png", "format": "png", "width": 576, "height": 432}, "_wandb": {"runtime": 90}}