{"train_acc": 0.8624259259259259, "val_acc": 0.8551666666666666, "train_loss": 0.4160763099332891, "val_loss": 0.4143882728272658, "_timestamp": 1679077898.9389546, "_runtime": 61.43983459472656, "_step": 10, "Confusion Matrix": {"_type": "image-file", "sha256": "0fb9272670ead981ed15681aa12ece7db87bd03de9a08ceb7a18a4ff8018c487", "size": 41319, "path": "media/images/Confusion Matrix_10_0fb9272670ead981ed15.png", "format": "png", "width": 576, "height": 432}, "_wandb": {"runtime": 60}}