{"train_acc": 0.5433888888888889, "val_acc": 0.5346666666666666, "train_loss": -849.3498423518669, "val_loss": -1364.1696767635535, "_timestamp": 1679053990.2334466, "_runtime": 87.39502358436584, "_step": 5, "Confusion Matrix": {"_type": "image-file", "sha256": "5aabdfc2613cc1e9071b1c3fb0b8e351b459264048cac7baceac605b75bfbba7", "size": 51866, "path": "media/images/Confusion Matrix_5_5aabdfc2613cc1e9071b.png", "format": "png", "width": 576, "height": 432}, "_wandb": {"runtime": 86}}