{"train_acc": 0.8135185185185185, "val_acc": 0.8076666666666666, "train_loss": 1.0567755254701718, "val_loss": 0.5565020386772969, "_timestamp": 1679077497.0758433, "_runtime": 103.83769130706787, "_step": 10, "Confusion Matrix": {"_type": "image-file", "sha256": "6f8d139127f018ff6557198c69d3eeee78d590d8621b0dd8f33f77f12e0c0d2b", "size": 42572, "path": "media/images/Confusion Matrix_10_6f8d139127f018ff6557.png", "format": "png", "width": 576, "height": 432}, "_wandb": {"runtime": 103}}