{"train_acc": 0.8856481481481482, "val_acc": 0.8476666666666667, "train_loss": -991.1809170832029, "val_loss": -930.857624497372, "_timestamp": 1679055925.3783364, "_runtime": 105.60720348358154, "_step": 10, "Confusion Matrix": {"_type": "image-file", "sha256": "c9e83b21959ca9d6cb407e877228e84bfd1076e0f697b59506011f0ae0dc2be8", "size": 41650, "path": "media/images/Confusion Matrix_10_c9e83b21959ca9d6cb40.png", "format": "png", "width": 576, "height": 432}, "_wandb": {"runtime": 104}}