{"train_acc": 0.7296296296296296, "val_acc": 0.724, "train_loss": -17031993.403994534, "val_loss": -16511956.646837328, "_timestamp": 1679057684.8608925, "_runtime": 76.90113949775696, "_step": 10, "Confusion Matrix": {"_type": "image-file", "sha256": "199c5a7cf67515eeaf4fffc0d057fb181ccf262f91412a0c0c3b309389bddf6a", "size": 42114, "path": "media/images/Confusion Matrix_10_199c5a7cf67515eeaf4f.png", "format": "png", "width": 576, "height": 432}, "_wandb": {"runtime": 76}}