{"train_acc": 0.5408148148148149, "val_acc": 0.5446666666666666, "train_loss": -15327128.70355982, "val_loss": -15277853.141907083, "_timestamp": 1679054757.3066945, "_runtime": 157.98830652236938, "_step": 10, "Confusion Matrix": {"_type": "image-file", "sha256": "32629a5c87ef5cc47b06c520400e095ddc61761f6011cf7f330ce55ca6f58d15", "size": 42717, "path": "media/images/Confusion Matrix_10_32629a5c87ef5cc47b06.png", "format": "png", "width": 576, "height": 432}, "_wandb": {"runtime": 157}}