{"train_acc": 0.1, "val_acc": 0.1, "train_loss": -59.32996847141278, "val_loss": -59.566335857117856, "_timestamp": 1679048855.8154678, "_runtime": 44.05912494659424, "_step": 5, "Confusion Matrix": {"_type": "image-file", "sha256": "b86da8e84eead733a59fb2ca314e9efd9362314d1c1921eaa2da92d8c583191a", "size": 17586, "path": "media/images/Confusion Matrix_5_b86da8e84eead733a59f.png", "format": "png", "width": 576, "height": 432}, "_wandb": {"runtime": 43}}