{"train_acc": 0.8506111111111111, "val_acc": 0.8428333333333333, "train_loss": 0.9974918192500517, "val_loss": 0.4495106666091201, "_timestamp": 1679075725.2442915, "_runtime": 78.91187453269958, "_step": 10, "Confusion Matrix": {"_type": "image-file", "sha256": "1c4e29e15cc648230e7f617ebca7751e7df8d7d067dc1dd8524df25cee91d111", "size": 42891, "path": "media/images/Confusion Matrix_10_1c4e29e15cc648230e7f.png", "format": "png", "width": 576, "height": 432}, "_wandb": {"runtime": 77}}