{"train_acc": 0.850925925925926, "val_acc": 0.8475, "train_loss": 1.2643819027566445, "val_loss": 0.44750466724118265, "_timestamp": 1679075633.6805499, "_runtime": 84.16175889968872, "_step": 10, "Confusion Matrix": {"_type": "image-file", "sha256": "92e530c9072613a3639f7e27748bb732409eb8c1745f3d429c4f5f5a669402e3", "size": 42215, "path": "media/images/Confusion Matrix_10_92e530c9072613a3639f.png", "format": "png", "width": 576, "height": 432}, "_wandb": {"runtime": 83}}