{"train_acc": 0.1, "val_acc": 0.1, "train_loss": -58.63119649830521, "val_loss": -58.63018383558486, "_timestamp": 1679049256.508371, "_runtime": 34.29846906661987, "_step": 10, "Confusion Matrix": {"_type": "image-file", "sha256": "3fd11d329f83d683e86fb0cf605862d7bc0408a8b81036e809a215cefdd5684b", "size": 17790, "path": "media/images/Confusion Matrix_10_3fd11d329f83d683e86f.png", "format": "png", "width": 576, "height": 432}, "_wandb": {"runtime": 33}}