{"train_acc": 0.8635, "val_acc": 0.8566666666666667, "train_loss": -1845.3985641950592, "val_loss": -2183.824411006069, "_timestamp": 1679078673.9090092, "_runtime": 65.7049572467804, "_step": 10, "Confusion Matrix": {"_type": "image-file", "sha256": "4f40b938c03620d5b4df62d13c379842c64c36891b464cc00085b096a655de6a", "size": 41726, "path": "media/images/Confusion Matrix_10_4f40b938c03620d5b4df.png", "format": "png", "width": 576, "height": 432}, "_wandb": {"runtime": 64}}